{
  "Set Booking" : {
    "transaction" : "Set Booking",
    "sampleCount" : 3000,
    "errorCount" : 0,
    "errorPct" : 0.0,
    "meanResTime" : 357.80266666666716,
    "medianResTime" : 354.0,
    "minResTime" : 317.0,
    "maxResTime" : 1237.0,
    "pct1ResTime" : 378.0,
    "pct2ResTime" : 394.0,
    "pct3ResTime" : 436.0,
    "throughput" : 30.428432327166504,
    "receivedKBytesPerSec" : 22.288113513266797,
    "sentKBytesPerSec" : 13.193578079357351
  },
  "Update Booking" : {
    "transaction" : "Update Booking",
    "sampleCount" : 3000,
    "errorCount" : 0,
    "errorPct" : 0.0,
    "meanResTime" : 357.0036666666662,
    "medianResTime" : 353.0,
    "minResTime" : 316.0,
    "maxResTime" : 1233.0,
    "pct1ResTime" : 377.0,
    "pct2ResTime" : 395.0,
    "pct3ResTime" : 434.0,
    "throughput" : 30.425654912221987,
    "receivedKBytesPerSec" : 21.14930653276843,
    "sentKBytesPerSec" : 13.246856728760358
  },
  "Delete Booking" : {
    "transaction" : "Delete Booking",
    "sampleCount" : 3000,
    "errorCount" : 0,
    "errorPct" : 0.0,
    "meanResTime" : 356.6529999999983,
    "medianResTime" : 351.0,
    "minResTime" : 318.0,
    "maxResTime" : 1315.0,
    "pct1ResTime" : 376.0,
    "pct2ResTime" : 396.0,
    "pct3ResTime" : 434.0,
    "throughput" : 30.42503777775524,
    "receivedKBytesPerSec" : 16.426776996516335,
    "sentKBytesPerSec" : 7.215061994183747
  },
  "Total" : {
    "transaction" : "Total",
    "sampleCount" : 15000,
    "errorCount" : 0,
    "errorPct" : 0.0,
    "meanResTime" : 427.20946666666754,
    "medianResTime" : 357.0,
    "minResTime" : 316.0,
    "maxResTime" : 1680.0,
    "pct1ResTime" : 700.0,
    "pct2ResTime" : 720.0,
    "pct3ResTime" : 769.9899999999998,
    "throughput" : 148.88780807368954,
    "receivedKBytesPerSec" : 96.04441346578558,
    "sentKBytesPerSec" : 47.55979667818893
  },
  "Token generation" : {
    "transaction" : "Token generation",
    "sampleCount" : 3000,
    "errorCount" : 0,
    "errorPct" : 0.0,
    "meanResTime" : 707.5166666666665,
    "medianResTime" : 700.0,
    "minResTime" : 635.0,
    "maxResTime" : 1680.0,
    "pct1ResTime" : 746.0,
    "pct2ResTime" : 766.0,
    "pct3ResTime" : 853.8999999999978,
    "throughput" : 30.1990114856907,
    "receivedKBytesPerSec" : 16.89348627769501,
    "sentKBytesPerSec" : 8.316524647426542
  },
  "Get Booking" : {
    "transaction" : "Get Booking",
    "sampleCount" : 3000,
    "errorCount" : 0,
    "errorPct" : 0.0,
    "meanResTime" : 357.07133333333405,
    "medianResTime" : 352.5,
    "minResTime" : 316.0,
    "maxResTime" : 1261.0,
    "pct1ResTime" : 377.0,
    "pct2ResTime" : 394.9499999999998,
    "pct3ResTime" : 435.9899999999998,
    "throughput" : 30.428740960128206,
    "receivedKBytesPerSec" : 21.254158594597886,
    "sentKBytesPerSec" : 6.562197693628222
  }
}