{
  "Set Booking" : {
    "transaction" : "Set Booking",
    "sampleCount" : 5000,
    "errorCount" : 0,
    "errorPct" : 0.0,
    "meanResTime" : 4627.023799999995,
    "medianResTime" : 5333.0,
    "minResTime" : 331.0,
    "maxResTime" : 8799.0,
    "pct1ResTime" : 7177.0,
    "pct2ResTime" : 7824.0,
    "pct3ResTime" : 7961.959999999999,
    "throughput" : 276.74766148226047,
    "receivedKBytesPerSec" : 199.5160375269829,
    "sentKBytesPerSec" : 119.99605634582387
  },
  "Update Booking" : {
    "transaction" : "Update Booking",
    "sampleCount" : 5000,
    "errorCount" : 1801,
    "errorPct" : 36.02,
    "meanResTime" : 25871.828800000032,
    "medianResTime" : 29550.0,
    "minResTime" : 7139.0,
    "maxResTime" : 31137.0,
    "pct1ResTime" : 30341.0,
    "pct2ResTime" : 30351.0,
    "pct3ResTime" : 30371.0,
    "throughput" : 83.301401129567,
    "receivedKBytesPerSec" : 66.60160154753177,
    "sentKBytesPerSec" : 36.281664945104374
  },
  "Delete Booking" : {
    "transaction" : "Delete Booking",
    "sampleCount" : 5000,
    "errorCount" : 2309,
    "errorPct" : 46.18,
    "meanResTime" : 12608.156799999999,
    "medianResTime" : 10432.5,
    "minResTime" : 0.0,
    "maxResTime" : 30556.0,
    "pct1ResTime" : 30306.9,
    "pct2ResTime" : 30335.95,
    "pct3ResTime" : 30370.0,
    "throughput" : 81.36828915035233,
    "receivedKBytesPerSec" : 91.595409023133,
    "sentKBytesPerSec" : 12.353947099423912
  },
  "Total" : {
    "transaction" : "Total",
    "sampleCount" : 25000,
    "errorCount" : 4110,
    "errorPct" : 16.44,
    "meanResTime" : 10521.39488000001,
    "medianResTime" : 9324.0,
    "minResTime" : 0.0,
    "maxResTime" : 31137.0,
    "pct1ResTime" : 30315.0,
    "pct2ResTime" : 30333.0,
    "pct3ResTime" : 30360.0,
    "throughput" : 350.311777481959,
    "receivedKBytesPerSec" : 273.6416523987599,
    "sentKBytesPerSec" : 105.94682978788623
  },
  "Token generation" : {
    "transaction" : "Token generation",
    "sampleCount" : 5000,
    "errorCount" : 0,
    "errorPct" : 0.0,
    "meanResTime" : 737.2277999999988,
    "medianResTime" : 694.0,
    "minResTime" : 593.0,
    "maxResTime" : 1299.0,
    "pct1ResTime" : 878.0,
    "pct2ResTime" : 958.0,
    "pct3ResTime" : 1172.9899999999998,
    "throughput" : 455.24902121460434,
    "receivedKBytesPerSec" : 256.93036610557226,
    "sentKBytesPerSec" : 125.37131248292816
  },
  "Get Booking" : {
    "transaction" : "Get Booking",
    "sampleCount" : 5000,
    "errorCount" : 0,
    "errorPct" : 0.0,
    "meanResTime" : 8762.737200000014,
    "medianResTime" : 8451.0,
    "minResTime" : 958.0,
    "maxResTime" : 16625.0,
    "pct1ResTime" : 14872.900000000001,
    "pct2ResTime" : 16030.0,
    "pct3ResTime" : 16535.859999999997,
    "throughput" : 146.33575275111215,
    "receivedKBytesPerSec" : 101.72792799549286,
    "sentKBytesPerSec" : 31.58222788866776
  }
}