{
  "Set Booking" : {
    "transaction" : "Set Booking",
    "sampleCount" : 4000,
    "errorCount" : 0,
    "errorPct" : 0.0,
    "meanResTime" : 346.1427499999996,
    "medianResTime" : 336.0,
    "minResTime" : 289.0,
    "maxResTime" : 1157.0,
    "pct1ResTime" : 384.0,
    "pct2ResTime" : 414.0,
    "pct3ResTime" : 524.9599999999991,
    "throughput" : 40.058084222122076,
    "receivedKBytesPerSec" : 29.058766070176755,
    "sentKBytesPerSec" : 17.368934955685745
  },
  "Update Booking" : {
    "transaction" : "Update Booking",
    "sampleCount" : 4000,
    "errorCount" : 0,
    "errorPct" : 0.0,
    "meanResTime" : 361.612,
    "medianResTime" : 348.0,
    "minResTime" : 296.0,
    "maxResTime" : 1098.0,
    "pct1ResTime" : 417.0,
    "pct2ResTime" : 456.9499999999998,
    "pct3ResTime" : 546.9799999999996,
    "throughput" : 39.955250119865745,
    "receivedKBytesPerSec" : 27.652213115061134,
    "sentKBytesPerSec" : 17.402384329550905
  },
  "Delete Booking" : {
    "transaction" : "Delete Booking",
    "sampleCount" : 4000,
    "errorCount" : 0,
    "errorPct" : 0.0,
    "meanResTime" : 360.2694999999998,
    "medianResTime" : 347.0,
    "minResTime" : 297.0,
    "maxResTime" : 1122.0,
    "pct1ResTime" : 419.0,
    "pct2ResTime" : 449.0,
    "pct3ResTime" : 508.0,
    "throughput" : 39.96602887545586,
    "receivedKBytesPerSec" : 21.262698190912726,
    "sentKBytesPerSec" : 9.48412599290603
  },
  "Total" : {
    "transaction" : "Total",
    "sampleCount" : 20000,
    "errorCount" : 0,
    "errorPct" : 0.0,
    "meanResTime" : 416.3112500000013,
    "medianResTime" : 351.0,
    "minResTime" : 289.0,
    "maxResTime" : 1542.0,
    "pct1ResTime" : 652.0,
    "pct2ResTime" : 679.0,
    "pct3ResTime" : 778.0,
    "throughput" : 195.90749248204997,
    "receivedKBytesPerSec" : 125.37631839620332,
    "sentKBytesPerSec" : 62.59856595715503
  },
  "Token generation" : {
    "transaction" : "Token generation",
    "sampleCount" : 4000,
    "errorCount" : 0,
    "errorPct" : 0.0,
    "meanResTime" : 665.6335000000012,
    "medianResTime" : 652.0,
    "minResTime" : 583.0,
    "maxResTime" : 1542.0,
    "pct1ResTime" : 726.0,
    "pct2ResTime" : 771.9499999999998,
    "pct3ResTime" : 893.9799999999996,
    "throughput" : 39.83865345351327,
    "receivedKBytesPerSec" : 22.09407368905931,
    "sentKBytesPerSec" : 10.971191673721428
  },
  "Get Booking" : {
    "transaction" : "Get Booking",
    "sampleCount" : 4000,
    "errorCount" : 0,
    "errorPct" : 0.0,
    "meanResTime" : 347.89849999999956,
    "medianResTime" : 338.0,
    "minResTime" : 291.0,
    "maxResTime" : 1163.0,
    "pct1ResTime" : 388.0,
    "pct2ResTime" : 418.0,
    "pct3ResTime" : 494.9899999999998,
    "throughput" : 39.999200015999676,
    "receivedKBytesPerSec" : 27.830732447851044,
    "sentKBytesPerSec" : 8.632639847203057
  }
}